[
  {
    "img1": "/img/blog/blog-v3-img4.jpg",
    "img2": "/img/blog/blog-v3-img1.jpg",
    "title": "How technology can help redraw the supply",
    "category": "Road Freight",
    "date": "July 13, 2023",
    "link": "blog-details",
    "name": "Harley Russle"
  },
  {
    "img1": "/img/blog/blog-v3-img5.jpg",
    "img2": "/img/blog/blog-v3-img2.jpg",
    "title": "Going forward, a new normal that has evolved",
    "category": "Transport",
    "date": "August 13, 2023",
    "link": "blog-details",
    "name": "Harley Russle"
  },
  {
    "img1": "/img/blog/blog-v3-img13.jpg",
    "img2": "/img/blog/blog-v3-img3.jpg",
    "title": "Advanced Service Functions by Air Transport",
    "category": "Air Freight",
    "date": "September 24, 2023",
    "link": "blog-details",
    "name": "Harley Russle"
  },
  {
    "img1": "/img/blog/blog-v3-img14.jpg",
    "img2": "/img/blog/blog-v3-img7.jpg",
    "title": "Future Is Bright When You Are More Prepared",
    "category": "Oceanc",
    "date": "April 30, 2023",
    "link": "blog-details",
    "name": "Harley Russle"
  },
  {
    "img1": "/img/blog/blog-v3-img15.jpg",
    "img2": "/img/blog/blog-v3-img8.jpg",
    "title": "The perfect logistics partner for your business",
    "category": "Logistic",
    "date": "January 09, 2023",
    "link": "blog-details",
    "name": "Harley Russle"
  },
  {
    "img1": "/img/blog/blog-v3-img16.jpg",
    "img2": "/img/blog/blog-v3-img9.jpg",
    "title": "Moving your products across all borders",
    "category": "Rail Freight",
    "date": "February 16, 2023",
    "link": "blog-details",
    "name": "Harley Russle"
  },
  {
    "img1": "/img/blog/blog-v3-img6.jpg",
    "img2": "/img/blog/blog-v3-img10.jpg",
    "title": "Why Transport is Key in Logistics?",
    "category": "Air Freight",
    "date": "November 13, 2023",
    "link": "blog-details",
    "name": "Harley Russle"
  },
  {
    "img1": "/img/blog/blog-v3-img17.jpg",
    "img2": "/img/blog/blog-v3-img11.jpg",
    "title": "New York Door To Door Transportation",
    "category": "Cargo Freight",
    "date": "March 17, 2023",
    "link": "blog-details",
    "name": "Harley Russle"
  },
  {
    "img1": "/img/blog/blog-v3-img18.jpg",
    "img2": "/img/blog/blog-v3-img12.jpg",
    "title": "Acadian Road Emergency Transport Services",
    "category": "Oceanc",
    "date": "December 15, 2023",
    "link": "blog-details",
    "name": "Harley Russle"
  }
]
